Abelmoschus esculentus,MALVACEAE
Abelmoschus ficulneus,MALVACEAE
Abelmoschus manihot,MALVACEAE
Abelmoschus moschatus,MALVACEAE
Abies spectabilis,PINACEAE
Abroma agusta,STERCULIACEAE
Abrus precatorius,FABACEAE
Abutilon hirtum,MALVACEAE
Abutilon indicum,MALVACEAE
Abutilon pannosum,MALVACEAE
Abutilon theophrastii,MALVACEAE
Acacia catechu,MIMOSACEAE
Acacia farnesiana,MIMOSACEAE
Acacia jacquemontii,MIMOSACEAE
Acacia leucophloea,MIMOSACEAE
Acacia modesta,MIMOSACEAE
Acacia nilotica,MIMOSACEAE
Acacia pennata,MIMOSACEAE
Acacia rugata,MIMOSACEAE
Acacia senegal,MIMOSACEAE
Acacia torta,MIMOSACEAE
Acalypha fruticosa,EUPHORBIACEAE
Acalypha indica,EUPHORBIACEAE
Acalypha racemosa,EUPHORBIACEAE
Acampe papillosa,ORCHIDACEAE
Acanthus illicifolius,ACANTHACEAE
Achillea millefolium,ASTERACEAE
Achyranthes aspera,AMARANTHACEAE
Achyranthes bidentata,AMARANTHACEAE
Aconitum balfourii,RANUNCULACEAE
Aconitum bisma,RANUNCULACEAE
Aconitum chasmanthum,RANUNCULACEAE
Aconitum falconeri,RANUNCULACEAE
Aconitum heterophyllum,RANUNCULACEAE
Aconitum laciniatum,RANUNCULACEAE
Aconitum novoluridum,RANUNCULACEAE
Aconitum spicatum,RANUNCULACEAE
Aconitum violaceum,RANUNCULACEAE
Acorus calamus,ARACEAE
Acronychia pedunculata,RUTACEAE
Actaea spicata,RANUNCULACEAE
Actiniopteris radiata(Swartz),ACTINIOPTERIDACEAE
Actinodaphne hookeri,LAURACEAE
Adansonia digitata,BOMBACACEAE
Adenanthera pavonia,MIMOSACEAE
Adenia wightiana,PASSIFLORACEAE
Adenostemma lavenia,ASTERACEAE
Adiantum capillus-veneris,ADIANTACEAE
Adiantum caudatum,ADIANTACEAE
Adiantum philippense,ADIANTACEAE
Adiantum venustum,ADIANTACEAE
Adonis aestivalis,RANUNCULACEAE
Aegle marmelos,RUTACEAE
Aerva javanica,AMARANTHACEAE
Aerva lanata,AMARANTHACEAE
Aesculus indica,HIPPOCASTANACEAE
Aganosma caryophyllata,APOCYNACEAE
Agave americana,AMARYLLIDACEAE
Agave americana,AMARYLLIDACEAE
Agave angustifolia,AMARYLLIDACEAE
Agave sisalana,AMARYLLIDACEAE
Ageratum conyzoides,ASTERACEAE
Aglaia elaeagnoidea,MELIACEAE
Agropyron repens,POACEAE
Ailanthus altissima,SIMAROUBACEAE
Ailanthus excelsa,SIMAROUBACEAE
Ailanthus triphysa,SIMAROUBACEAE
Ajuga bracteosa,LAMIACEAE
Alangium salvifolium,ALANGIACEAE
Albizzia amara,MIMOSACEAE
Albizzia lebbeck,MIMOSACEAE
Albizzia odoratissima,MIMOSACEAE
Aleurites mollucana,EUPHORBIACEAE
Alhagi pseudoalhagi,FABACEAE
Alhagi pseudoalhagi,FABACEAE
Allamanda cathartica,APOCYNACEAE
Allium cepa,LILIACEAE
Allium macleanii,LILIACEAE
Alnus nepalensis,BETULACEAE
Alnus nitida,BETULACEAE
Alocasia macrorrhizos,ARACEAE
Aloe vera,LILIACEAE
Aloysia triphylla,VERBENACEAE
Alpinia galanga,ZINGIBERACEAE
Alpinia nigra,ZINGIBERACEAE
Alstonia scholaris,APOCYNACEAE
Alstonia venenata,APOCYNACEAE
Alternanthera sessilis,AMARANTHACEAE
Althaea officinalis,MALVACEAE
Althaea rosea,MALVACEAE
Altingia excelsa,HAMAMELIDACEAE
Alysicarpus longifolius,FABACEAE
Alysicarpus vaginalis,FABACEAE
Amaranthus lividus,AMARANTHACEAE
Amaranthus tricolor,AMARANTHACEAE
Amaranthus viridis,AMARANTHACEAE
Amaranthus caudatus,AMARANTHACEAE
Amaranthus spinosus,AMARANTHACEAE
Ammania auriculata,LYTHRACEAE
Ammania baccifera,LYTHRACEAE
Ammi visnaga,APIACEAE
Amomum aromaticum,ZINGIBERACEAE
Amomum subulatum,ZINGIBERACEAE
Amorphophallus paeoniifolius,ARACEAE
Ampelocissus areneosa,VITACEAE
Ampelocissus arnottiana,VITACEAE
Ampelocissus latifolia,VITACEAE
Ampelocissus tomentosa,VITACEAE
Anacardium occidentale,ANACARDIACEAE
Anagallis arvensis,PRIMULACEAE
Anamitra cocculus,MENISPERMACEAE
Ananas comosus,BROMELIACEAE
Anaphalis neelgerryana,ASTERACEAE
Andrographis echinoides,ACANTHACEAE
Andrographis paniculata,ACANTHACEAE
Andropogon sorghum,POACEAE
Anemone narcissiflora,RANUNCULACEAE
Anemone obtusiloba,RANUNCULACEAE
Angelica archangelica,APIACEAE
Aniseia martinicensis,CONVOLVULACEAE
Anisochilus carnosus,LAMIACEAE
Anisomeles indica,LAMIACEAE
Anisomeles malabarica,LAMIACEAE
Annona muricata,ANNONACEAE
Annona reticulata,ANNONACEAE
Annona squamosa,ANNONACEAE
Anodendron paniculatum,APOCYNACEAE
Anogeissus latifolia,COMBRETACEAE
Anthemis cotula,ASTERACEAE
Anthemis nobilis,ASTERACEAE
Anthoxanthum odoratum,POACEAE
Anthriscus cerefolium,APIACEAE
Antiaris toxicaria,MORACEAE
Antidesma bunius,EUPHORBIACEAE
Apama siliquosa,ARISTOLOCHIACEAE
Aphanamixis polystachya,MELIACEAE
Apium graveolens,APIACEAE
Aquilegia vulgaris,RANUNCULACEAE
Arachis hypogaea,FABACEAE
Arachne cordifolia,EUPHORBIACEAE
Arctium lappa,ASTERACEAE
Ardisia solanacea,MYRSINACEAE
Areca catechu,ARECACEAE
Areca triandra,ARECACEAE
Arenga saccharifera,ARECACEAE
Argemone mexicana,PAPAVERACEAE
Argyreia cuneata,CONVOLVULACEAE
Argyreia imbricata,CONVOLVULACEAE
Argyreia nervosa,CONVOLVULACEAE
Arisaema leschenaultii,ARACEAE
Arisaema speciosum,ARACEAE
Arisaema tortuosum,ARACEAE
Aristida depressa,POACEAE
Aristolochia bracteolata,ARISTOLOCHIACEAE
Aristolochia indica,ARISTOLOCHIACEAE
Aristolochia tagala,ARISTOLOCHIACEAE
Arnebia benthamii,BORAGINACEAE
Arnebia euchroma,BORAGINACEAE
Arnica montana,ASTERACEAE
Artabotrys hexapetalus,ANNONACEAE
Artabotrys suaveolens,ANNONACEAE
Artanema longifolium,SCROPHULARIACEAE
Artemisia absynthium,ASTERACEAE
Artemisia dracunculcus,ASTERACEAE
Artemisia indica,ASTERACEAE
Artemisia maritima,ASTERACEAE
Artemisia nilagirica,ASTERACEAE
Artemisia persica,ASTERACEAE
Artemisia roxburghiana,ASTERACEAE
Artemisia sacrorum,ASTERACEAE
Artemisia scoparia,ASTERACEAE
Artemisia sivarsiana,ASTERACEAE
Arthrocnemum indicum,CHENOPODIACEAE
Artocarpus heterophyllus,MORACEAE
Artocarpus lakoocha,MORACEAE
Arundo donax,POACEAE
Asclepias curassavica,ASCLEPIADACEAE
Asparagus adscendens,LILIACEAE
Asparagus filicinus,LILIACEAE
Asparagus gonocladus,LILIACEAE
Asparagus officinalis,LILIACEAE
Asparagus racemosus,LILIACEAE
Asplenium adiantum-nigrum,ASPLENIACEAE
Astragalus strobiliferus,FABACEAE
Astragalus tribuloides,FABACEAE
Asystasia gangetica,ACANTHACEAE
Atriplex hortensis,CHENOPODIACEAE
Atropa acuminata,SOLANACEAE
Atropa belladona,SOLANACEAE
Atylosia scrabaeoides,FABACEAE
Avena fatua,POACEAE
Avena sativa,POACEAE
Averrhoa bilimbi,OXALIDACEAE
Avicennia officinalis,VERBENACEAE
Azadirachta indica,MELIACEAE
Azanza lampas,MALVACEAE
Azima tetracantha,SALVADORACEAE
Bacopa monnieri,SCROPHULARIACEAE
Balanites aegyptiaca,BALANITACEAE
Baliospermum montanum,EUPHORBIACEAE
Bambusa bambos,POACEAE
Barleria buxifolia,ACANTHACEAE
Barleria courtallica,ACANTHACEAE
Barleria cristata,ACANTHACEAE
Barleria longiflora,ACANTHACEAE
Barleria noctiflora,ACANTHACEAE
Barleria prionitis,ACANTHACEAE
Barleria strigosa,ACANTHACEAE
Barringtonia acutangula,LECYTHIDACEAE
Barringtonia racemosa,LECYTHIDACEAE
Basella rubra,BASELLACEAE
Bauhinia malabarica,CAESALPINIACEAE
Bauhinia purpurea,CAESALPINIACEAE
Bauhinia racemosa,CAESALPINIACEAE
Bauhinia retusa,CAESALPINIACEAE
Bauhinia vahlii,CAESALPINIACEAE
Bauhinia variegata,CAESALPINIACEAE
Begonia rex,BEGONIACEAE
Benincasa hispida,CUCURBITACEAE
Berberis aristata,BERBERIDACEAE
Berberis asiatica,BERBERIDACEAE
Berberis insignis,BERBERIDACEAE
Berberis lycium,BERBERIDACEAE
Berchemia lineata,RHAMNACEAE
Bergia suffriticosa,ELATINACEAE
Beta vulgaris,CHENOPODIACEAE
Betula alnoides,BETULACEAE
Betula utilis,BETULACEAE
Bidens tripartita,ASTERACEAE
Biophytum sensitivum,OXALIDACEAE
Bischofia javanica,EUPHORBIACEAE
Bixa orellana,BIXACEAE
Blechnum orientale,BLECHNACEAE
Blepharis edulis,ACANTHACEAE
Blepharis indica,ACANTHACEAE
Blighia sapida,SAPINDACEAE
Blumea balsamifera,ASTERACEAE
Blumea densiflora,ASTERACEAE
Blumea eriantha,ASTERACEAE
Blumea lacera,ASTERACEAE
Blumea lanceolaria,ASTERACEAE
Boehmeria nivea,URTICACEAE
Boerhavia diffusa,NYCTAGINACEAE
Bombax ceiba,BOMBACACEAE
Borassus flabellifer,ARECACEAE
Borreria articularis,RUBIACEAE
Boswellia serrata,BURSERACEAE
Botrychium lunaria,OPHIOGLOSSACEAE
Botrychium virginianum,OPHIOGLOSSACEAE
Brassica juncea,BRASSICACEAE
Brassica nigra,BRASSICACEAE
Breynia retusa,EUPHORBIACEAE
Breynia retusa,EUPHORBIACEAE
Breynia rhamnoides,EUPHORBIACEAE
Bridelia montana,EUPHORBIACEAE
Bromus mollis,POACEAE
Brucea javanica,SIMAROUBACEAE
Bryonopsis laciniosa,CUCURBITACEAE
Bryophyllum pinnatum,CRASSULACEAE
Buchanania lanzan,ANACARDIACEAE
Buddleja asiatica,BUDDLEJACEAE
Bunium persicum,APIACEAE
Butea monosperma,FABACEAE
Butea parviflora,FABACEAE
Butea superba,FABACEAE
Buxus wallichiana,BUXACEAE
Byttneria herbacea,STERCULIACEAE
Cadaba fruticosa,CAPPARACEAE
Cadaba trifoliata,CAPPARACEAE
Caesalpinia bonduc,CAESALPINIACEAE
Caesalpinia coriaria,CAESALPINIACEAE
Caesalpinia crista,CAESALPINIACEAE
Caesalpinia digyna,CAESALPINIACEAE
Caesalpinia pulcherrima,CAESALPINIACEAE
Caesalpinia sappan,CAESALPINIACEAE
Cajanus cajan,FABACEAE
Calamus rotang,ARECACEAE
Calamus travancoricus,ARECACEAE
Calendula officinalis,ASTERACEAE
Callicarpa arborea,VERBENACEAE
Callicarpa longifolia,VERBENACEAE
Callicarpa macrophylla,VERBENACEAE
Callicarpa tomentosa,VERBENACEAE
Calligonum polygonoides,POLYGONACEAE
Callistemon lanceolatus,MYRTACEAE
Calophyllum apetalum,CLUSIACEAE
Calophyllum inophyllum,CLUSIACEAE
Calotropis gigantea,ASCLEPIADACEAE
Calotropis procera,ASCLEPIADACEAE
Caltha palustris,RANUNCULACEAE
Calycopteris floribunda,COMBRETACEAE
Camellia kissi,THEACEAE
Camellia sinensis,THEACEAE
Cananga odorata,ANNONACEAE
Canavalia gladiata,FABACEAE
Canna indica,CANNACEAE
Cannabis sativa,CANNABACEAE
Canscora decussata,GENTIANACEAE
Canscora diffusa,GENTIANACEAE
Canthium dicoccum,RUBIACEAE
Capparis decidua,CAPPARACEAE
Capparis grandis,CAPPARACEAE
Capparis heyneana,CAPPARACEAE
Capparis sepiaria,CAPPARACEAE
Capparis spinosa,CAPPARACEAE
Capparis zeylanica,CAPPARACEAE
Capsella bursa-pastoris,BRASSICACEAE
Capsicum annum,SOLANACEAE
Capsicum frutescens,SOLANACEAE
Carallia brachiata,RHIZOPHORACEAE
Carapa granatum,MELIACEAE
Cardiospermum helicacabum,SAPINDACEAE
Carduus nutans,ASTERACEAE
Careya arborea,LECYTHIDACEAE
Carica papaya,CARICACEAE
Carissa congesta,APOCYNACEAE
Carissa opaca,APOCYNACEAE
Carmona microphylla,BORAGINACEAE
Carpesium abrotanoides,ASTERACEAE
Carpesium cernuum,ASTERACEAE
Carthamus lanatus,ASTERACEAE
Carthamus tinctorius,ASTERACEAE
Carum carvi,APIACEAE
Caryota urens,ARECACEAE
Casaeria graveolens,SAMYDACEAE
Casearia elliptica,SAMYDACEAE
Cassia angustifolia,CAESALPINIACEAE
Cassia mimosoides,CAESALPINIACEAE
Cassia pumila,CAESALPINIACEAE
Cassia absus,CAESALPINIACEAE
Cassia alata,CAESALPINIACEAE
Cassia alata,CAESALPINIACEAE
Cassia auriculata,CAESALPINIACEAE
Cassia fistula,CAESALPINIACEAE
Cassia italica,CAESALPINIACEAE
Cassia obtusifolia,CAESALPINIACEAE
Cassia occidentalis,CAESALPINIACEAE
Cassia siamea,CAESALPINIACEAE
Cassia sophera,CAESALPINIACEAE
Cassia tora,CAESALPINIACEAE
Cassytha filiformis,LAURACEAE
Castanea sativa,FAGACEAE
Castanospermum australe,FABACEAE
Casuarina equisetifolia,CASUARINACEAE
Catharanthus pusillus,APOCYNACEAE
Catharanthus roseus,APOCYNACEAE
Cayratia pedata,VITACEAE
Cayratia trifolia,VITACEAE
Cedrus deodara,PINACEAE
Ceiba pentandra,BOMBACACEAE
Celastrus paniculatus,CELASTRACEAE
Celosia argentia,AMARANTHACEAE
Celtis caucasia,ULMACEAE
Celtis cinnamomea,ULMACEAE
Cenchrus biflorus,POACEAE
Centaurea calcitrapa,ASTERACEAE
Centella asiatica,APIACEAE
Centipeda minima,ASTERACEAE
Centranthera indica,SCROPHULARIACEAE
Cephaelis ipecacuanha,RUBIACEAE
Ceratonia siliqua,CAESALPINIACEAE
Ceratophyllum demursum,CERATOPHYLLACEAE
Ceratopteris thaictroides,PARKERIACEAE
Cerbera manghas,APOCYNACEAE
Cereus grandiflorus,CACTACEAE
Ceriops tagal,RHIZOPHORACEAE
Ceropegia tuberosa,ASCLEPIADACEAE
Cheiranthus cheiri,BRASSICACEAE
Chenopodium album,CHENOPODIACEAE
Chenopodium ambrosioides,CHENOPODIACEAE
Chenopodium botrys,CHENOPODIACEAE
Chloranthus elatior,CHLORANTHACEAE
Chloris virgata,POACEAE
Chlorophytum arundinaceum,LILIACEAE
Chloroxylon swietenia,RUTACEAE
Chondrus crispus,GIGARTINIACEAE
Chrozophora plicata,EUPHORBIACEAE
Chrozophora rottleri,EUPHORBIACEAE
Chrysanthemum coronarium,ASTERACEAE
Chrysanthemum indicum,ASTERACEAE
Chrysobalanus icaco,ROSACEAE
Cicer arietinum,FABACEAE
Cichorium endivia,ASTERACEAE
Cichorium intybus,ASTERACEAE
Cicuta virosa,APIACEAE
Cimicifuga foetida,RANUNCULACEAE
Cinchona officinalis,RUBIACEAE
Cinnamomum cassia,LAURACEAE
Cinnamomum glanduliferum,LAURACEAE
Cinnamomum glausescens,LAURACEAE
Cinnamomum impressinervium,LAURACEAE
Cinnamomum macrocarpum,LAURACEAE
Cinnamomum obtusifolium,LAURACEAE
Cinnamomum pauciflorum,LAURACEAE
Cinnamomum tamala,LAURACEAE
Cinnamomum verum,LAURACEAE
Cinnamomum camphora,LAURACEAE
Cirsium arvense,ASTERACEAE
Cissampelos pareira,MENISPERMACEAE
Cissus adnata,VITACEAE
Cissus pallida,VITACEAE
Cissus quadrangularis,VITACEAE
Cissus repens,VITACEAE
Cistanche tabulosa,OROBANCHACEAE
Citrullus colocynthis,CUCURBITACEAE
Citrus aurantifolia,RUTACEAE
Citrus aurantium,RUTACEAE
Citrus grandis,RUTACEAE
Citrus medica,RUTACEAE
Citrus sinensis,RUTACEAE
Claoxylon indicum,EUPHORBIACEAE
Clausena excavata,RUTACEAE
Clausena pentaphylla,RUTACEAE
Cleistanthus collinus,EUPHORBIACEAE
Clematis gauriana,RANUNCULACEAE
Clematis smilacifolia,RANUNCULACEAE
Clematis triloba,RANUNCULACEAE
Cleome chelidoni,CAPPARACEAE
Cleome gynandra,CAPPARACEAE
Cleome monophylla,CAPPARACEAE
Cleome vahliana,CAPPARACEAE
Cleome viscosa,CAPPARACEAE
Clerodendrum inerme,VERBENACEAE
Clerodendrum multiflorum,VERBENACEAE
Clerodendrum philippenum,VERBENACEAE
Clerodendrum serratum,VERBENACEAE
Clerodendrum viscosum,VERBENACEAE
Clinopodium vulgare,LAMIACEAE
Clitoria ternatia,FABACEAE
Cocccinia grandis,CUCURBITACEAE
Coccoloba uvifera,POLYGONACEAE
Cocculus hirsutus,MENISPERMACEAE
Cocculus laurifolius,MENISPERMACEAE
Cocculus pendulus,MENISPERMACEAE
Cochlospermum religiosum,COCHLOSPERMACEAE
Cocos nucifera,ARECACEAE
Codiaeum variegatum,EUPHORBIACEAE
Codonopsis ovata,CAMPANULACEAE
Coffea arabica,RUBIACEAE
Coix lacryma-jobi,POACEAE
Colchicum luteum,LILIACEAE
Coldenia procumbens,BORAGINACEAE
Colebrookea oppositifolia,LAMIACEAE
Coleus amboinicus,LAMIACEAE
Coleus scutallarioides,LAMIACEAE
Colocasia esculenta,ARACEAE
Combretum nanum,COMBRETACEAE
Combretum pilosum,COMBRETACEAE
Combretum roxburghii,COMBRETACEAE
Commelina benghalensis,COMMELINACEAE
Commelina longifolia,COMMELINACEAE
Commelina paludosa,COMMELINACEAE
Conium maculatum,APIACEAE
Connarus monocarpus,CONNARACEAE
Consolida ambigua,RANUNCULACEAE
Convolvulus arvensis,CONVOLVULACEAE
Convolvulus auricomus,CONVOLVULACEAE
Convolvulus microphyllus,CONVOLVULACEAE
Coptis teeta,RANUNCULACEAE
Corchorus aestuans,TILIACEAE
Corchorus capsularis,TILIACEAE
Corchorus depressus,TILIACEAE
Corchorus fascicularis,TILIACEAE
Corchorus olitorius,TILIACEAE
Corchorus trilocularis,TILIACEAE
Cordia dichotoma,BORAGINACEAE
Cordia gharaf,BORAGINACEAE
Cordia myxa,BORAGINACEAE
Cordia myxa,BORAGINACEAE
Cordia obliqua,BORAGINACEAE
Cordia vestita,BORAGINACEAE
Coriandrum sativum,APIACEAE
Coriaria nepalensis,CORIARIACEAE
Corydalis govaniana,FUMARIACEAE
Corydalis vaginans,FUMARIACEAE
Corylus jacquemontii,BETULACEAE
Coscinium fenestratum,MENISPERMACEAE
Cosmostigma racemosum,ASCLEPIADACEAE
Costus speciosus,ZINGIBERACEAE
Cotinus coggygria,ANACARDIACEAE
Cotoneaster bacillaris,ROSACEAE
Cotoneaster microphylla,ROSACEAE
Cotula anthemoides,ASTERACEAE
Crataeva nurvula,CAPPARACEAE
Cratoxylum cochinchinense,HYPERICACEAE
Crescentia cujute,BIGNONIACEAE
Cressa cretica,CONVOLVULACEAE
Crinum asiaticum,AMARYLLIDACEAE
Crinum defixum,AMARYLLIDACEAE
Crinum latifolium,AMARYLLIDACEAE
Crocus sativus,IRIDACEAE
Crotalaria albida,FABACEAE
Crotalaria burhia,FABACEAE
Crotalaria juncea,FABACEAE
Crotalaria laburnifolia,FABACEAE
Crotalaria pallida,FABACEAE
Crotalaria prostrata,FABACEAE
Crotalaria retusa,FABACEAE
Crotalaria sericea,FABACEAE
Croton bonplandianum,EUPHORBIACEAE
Croton caudatus,EUPHORBIACEAE
Croton oblongifolius,EUPHORBIACEAE
Croton tiglium,EUPHORBIACEAE
Cryptocarya wightiana,LAURACEAE
Cryptolepis buchananii R.Br. ex,ASCLEPIADACEAE
Cucubalus bacciferous,CARYOPHYLLACEAE
Cucumis callosus,CUCURBITACEAE
Cucumis melo,CUCURBITACEAE
Cucumis prophetarum,CUCURBITACEAE
Cucumis sativus,CUCURBITACEAE
Cucurbita maxima,CUCURBITACEAE
Cucurbita pepo,CUCURBITACEAE
Cupressus sempervirens,CUPRESSACEAE
Curculigo orchioides,AMARYLLIDACEAE
Curcuma angustifolia,ZINGIBERACEAE
Curcuma aromatica,ZINGIBERACEAE
Curcuma leucorrhiza,ZINGIBERACEAE
Curcuma longa,ZINGIBERACEAE
Curcuma rubescens,ZINGIBERACEAE
Curcuma zeodoria,ZINGIBERACEAE
Cuscuta chinensis,CONVOLVULACEAE
Cuscuta hyalina,CONVOLVULACEAE
Cuscuta reflexa,CONVOLVULACEAE
Cyathula prostrata,AMARANTHACEAE
Cycas circinalis,CYCADACEAE
Cycas rumphii,CYCADACEAE
Cyclea peltata,MENISPERMACEAE
Cydonia oblonga,ROSACEAE
Cymbidium simulans,ORCHIDACEAE
Cymbopogon flexuosus,POACEAE
Cymbopogon jwarancusa,POACEAE
Cymbopogon martinii,POACEAE
Cymbopogon nardus,POACEAE
Cymbopogon schoenanthus,POACEAE
Cynara scolymus,ASTERACEAE
Cynodon dactylon,POACEAE
Cynoglossum glochidiatum,BORAGINACEAE
Cynoglossum lanceolatum,BORAGINACEAE
Cynometra ramiflora,CAESALPINIACEAE
Cyperus articulatus,CYPERACEAE
Cyperus iria,CYPERACEAE
Cyperus rotundus,CYPERACEAE
Cyperus stoloniferous,CYPERACEAE
Cyperus triceps,CYPERACEAE
Cyrtophyllum peregrinum,LOGANIACEAE
Cytisus scoparius,FABACEAE
Dactyloctenium aegyptium,POACEAE
Dactylorhiza hatagirea,ORCHIDACEAE
Dalbergia lanceolaria,FABACEAE
Dalbergia latifolia,FABACEAE
Dalbergia pinnata,FABACEAE
Dalbergia sissoo,FABACEAE
Dalbergia spinosa,FABACEAE
Dalbergia stipulacea,FABACEAE
Dalbergia volubilis,FABACEAE
Daphne oleoides,THYMELAEACEAE
Daphne papyracea,THYMELAEACEAE
Datisca cannabina,DATISCACEAE
Datura innoxia,SOLANACEAE
Datura metal,SOLANACEAE
Datura stramonium,SOLANACEAE
Daucas carota,APIACEAE
Decalepis hamiltonii,ASCLEPIADACEAE
Deeringia amaranthoides,AMARANTHACEAE
Delonix elata,CAESALPINIACEAE
Delphinium brunonianum,RANUNCULACEAE
Delphinium denudatum,RANUNCULACEAE
Delphinium vestitum,RANUNCULACEAE
Dendrobium crumenatum,ORCHIDACEAE
Dendrobium ovatum,ORCHIDACEAE
Dendrocalamus strictus,POACEAE
Dendrocnide sinuata,URTICACEAE
Dendrophthoe elastica,LORANTHACEAE
Dendrophthoe falcata,LORANTHACEAE
Derris ferruginea,FABACEAE
Derris indica,FABACEAE
Derris scandens,FABACEAE
Derris trifoliata,FABACEAE
Descurainia sophia,BRASSICACEAE
Desmodium elegans,FABACEAE
Desmodium gangeticum,FABACEAE
Desmodium heterocarpon,FABACEAE
Desmodium pulchellum,FABACEAE
Desmodium triflorum,FABACEAE
Desmodium triquetrum,FABACEAE
Desmos chinensis,ANNONACEAE
Desmos cochinchinensis,ANNONACEAE
Desmostachya bipinnata,POACEAE
Dianthus anatolicus,CARYOPHYLLACEAE
Dianthus caryophyllus,CARYOPHYLLACEAE
Dichroa febrifuga,SAXIFRAGACEAE
Dichrostachys cinerea,MIMOSACEAE
Dicliptera bupleuroides,ACANTHACEAE
Dicoma tomentosa,ASTERACEAE
Dictamnus albus,RUTACEAE
Didymocarpus pedicillatus,GESNERIACEAE
Digera muricata,AMARANTHACEAE
Digitalis lanata,SCROPHULARIACEAE
Digitalis purpurea,SCROPHULARIACEAE
Dillenia indica,DILLENIACEAE
Dimocarpus longan,SAPINDACEAE
Dinochloa andamanica,POACEAE
Dioscorea alata,DIOSCOREACEAE
Dioscorea bulbifera,DIOSCOREACEAE
Dioscorea deltoidea,DIOSCOREACEAE
Dioscorea esculenta,DIOSCOREACEAE
Dioscorea oppositifolia,DIOSCOREACEAE
Dioscorea pentaphylla,DIOSCOREACEAE
Diospyros candolleana,EBENACEAE
Diospyros ebenum,EBENACEAE
Diospyros exsculpta,EBENACEAE
Diospyros kaki,EBENACEAE
Diospyros malabarica,EBENACEAE
Diospyros melanoxylon,EBENACEAE
Diospyros montana,EBENACEAE
Diospyros paniculata,EBENACEAE
Diospyros toposia,EBENACEAE
Diploclisia glaucescens,MENISPERMACEAE
Dipterocarpus indicus,DIPTEROCARPACEAE
Dipterocarpus turbinatus,DIPTEROCARPACEAE
Dodonaea viscosa,SAPINDACEAE
Dolichandrone falcata,BIGNONIACEAE
Dolichandrone spathacea,BIGNONIACEAE
Dolichos trilobus,FABACEAE
Dolichos uniflorus,FABACEAE
Draba verna,BRASSICACEAE
Dracocephalum moldavica,LAMIACEAE
Drosera burmanni,DROSERACEAE
Drosera peltata,DROSERACEAE
Drymaria cordata,CARYOPHYLLACEAE
Drynaria quercifolia,POLYPODIACEAE
Dryobalanops aromatica,DIPTEROCARPACEAE
Dryopteris filix-mas,DRYOPTERIDACEAE
Dryopteris marginata,DRYOPTERIDACEAE
Drypetyes roxburghii,EUPHORBIACEAE
Durio zibethinus,BOMBACACEAE
Dysoxylum alliarum,MELIACEAE
Dysoxylum malabaricum,MELIACEAE
Ecballium elaterium,CUCURBITACEAE
Ecbolium viride,ACANTHACEAE
Echinochloa crusgalli,POACEAE
Echinochloa frumentacea,POACEAE
Echinochloa stagnina,POACEAE
Echinops echinatus,ASTERACEAE
Eclipta alba,ASTERACEAE
Edgeworthia gardneri,THYMELAEACEAE
Ehretia aspera,BORAGINACEAE
Elaeagnus angustifolia,ELAEAGNACEAE
Elaeagnus latifolia,ELAEAGNACEAE
Elaeagnus parvifolia,ELAEAGNACEAE
Elaeis guineensis,ARECACEAE
Elaeocarpus floribundus,ELAEOCARPACEAE
Elaeocarpus serratus,ELAEOCARPACEAE
Elaeocarpus tuberculatus,ELAEOCARPACEAE
Elephantopus scaber,ASTERACEAE
Eleusine coracana,POACEAE
Eleusine indica,POACEAE
Elsholtzia ciliata,LAMIACEAE
Embelia ribes,MYRSINACEAE
Embelia tsjeriam-cottam,MYRSINACEAE
Emblica officinalis,EUPHORBIACEAE
Emilia sonchifolia,ASTERACEAE
Enhydra fluctans,ASTERACEAE
Enicostema hyssopifolium,GENTIANACEAE
Entada pursaetha,MIMOSACEAE
Ephedra girardiana,EPHEDRACEAE
Ephedra intermedia,EPHEDRACEAE
Ephemerantha macraei,ORCHIDACEAE
Epilobium angustifolium,ONAGRACEAE
Epilobium hirsutum,ONAGRACEAE
Equisetum debile,EQUISETACEAE
Equisetum arvense,EQUISETACEAE
Eranthemum roseum,ACANTHACEAE
Eria pannea,ORCHIDACEAE
Erigeron asteroides,ASTERACEAE
Erigeron canadensis,ASTERACEAE
Eriobotrya japonica,ROSACEAE
Eriolaena quinquelocularis,STERCULIACEAE
Erodium cicutarium,GERANIACEAE
Erodium moschatum,GERANIACEAE
Eruca sativa,BRASSICACEAE
Ervatamia heyneana,APOCYNACEAE
Erycibe paniculata,CONVOLVULACEAE
Eryngium foetidum,APIACEAE
Erysimum rependum,BRASSICACEAE
Erythrina stricta,FABACEAE
Erythrina suberosa,FABACEAE
Erythrina variegata,FABACEAE
Erythroxylon coca,ERYTHROXYLACEAE
Erythroxylon monogynum,ERYTHROXYLACEAE
Eucalyptus citridora,MYRTACEAE
Eucalyptus globulus,MYRTACEAE
Eulophia epidendraea,ORCHIDACEAE
Eulophia herbacea,ORCHIDACEAE
Eulophia nuda,ORCHIDACEAE
Euonymus tingens,CELASTRACEAE
Euphorbia microphylla,EUPHORBIACEAE
Euphorbia neriifolia,EUPHORBIACEAE
Euphorbia nivulea,EUPHORBIACEAE
Euphorbia pilosa,EUPHORBIACEAE
Euphorbia rosea,EUPHORBIACEAE
Euphorbia royleana,EUPHORBIACEAE
Euphorbia thymifolia,EUPHORBIACEAE
Euphorbia tirucalli,EUPHORBIACEAE
Euphorbia antiquorum,EUPHORBIACEAE
Euphorbia dracunculoides,EUPHORBIACEAE
Euphorbia fusiformis,EUPHORBIACEAE
Euphorbia granulata,EUPHORBIACEAE
Euphorbia helioscopia,EUPHORBIACEAE
Euphorbia hirta,EUPHORBIACEAE
Euphorbia hypericifolia,EUPHORBIACEAE
Euphorbia nivulea,EUPHORBIACEAE
Euphorbia thomsoniana,EUPHORBIACEAE
Euphrasia officinalis,SCROPHULARIACEAE
Euploca strigosa,BORAGINACEAE
Euryale ferox,NYMPHAEACEAE
Eurycoma longifolia,SIMAROUBACEAE
Evodia lunu-ankenda,RUTACEAE
Evolvulus alsinoides,CONVOLVULACEAE
Exacum bicolor,GENTIANACEAE
Exacum pedunculatum,GENTIANACEAE
Exacum tetragonum,GENTIANACEAE
Excoecaria acerifolia,EUPHORBIACEAE
Excoecaria agallocha,EUPHORBIACEAE
Fagonia cretica,ZYGOPHYLLACEAE
Fagopyrum dibotrys,POLYGONACEAE
Fagopyrum esculentum,POLYGONACEAE
Fagopyrum tataricum,POLYGONACEAE
Fagraea racemosa,LOGANIACEAE
Farsetia hamiltonii,BRASSICACEAE
Farsetia jacquemontii,BRASSICACEAE
Ferula asa-foetida,APIACEAE
Ferula galbaniflua,APIACEAE
Ferula jaeschkeana,APIACEAE
Ferula narthex,APIACEAE
Ficus amplissima,MORACEAE
Ficus arnottiana,MORACEAE
Ficus benghalensis,MORACEAE
Ficus benjamina,MORACEAE
Ficus carica,MORACEAE
Ficus dalhousiae,MORACEAE
Ficus exasperata,MORACEAE
Ficus fistulosa,MORACEAE
Ficus heterophylla,MORACEAE
Ficus hispida,MORACEAE
Ficus microcarpa,MORACEAE
Ficus palmata,MORACEAE
Ficus racemosa,MORACEAE
Ficus religiosa,MORACEAE
Ficus ribes,MORACEAE
Ficus rumphii,MORACEAE
Ficus semicordata,MORACEAE
Ficus talbotii,MORACEAE
Ficus tinctoria,MORACEAE
Ficus virens,MORACEAE
Fimbristylis falcata,CYPERACEAE
Flacourtia indica,FLACOURTIACEAE
Flacourtia jangomas,FLACOURTIACEAE
Flagellaria indica,FLAGELLARIACEAE
Flemingia chappar,FABACEAE
Flemingia macrophylla,FABACEAE
Flemingia nana,FABACEAE
Flemingia strobilifera,FABACEAE
Flemingia tuberosa,FABACEAE
Foeniculum vulgare,APIACEAE
Frankenia pulverulenta,FRANKENIACEAE
Fraxinus floribunda,OLEACEAE
Fraxinus hookeri,OLEACEAE
Fraxinus ornus,OLEACEAE
Fritillaria cirrhosa,LILIACEAE
Fritillaria imperialis,LILIACEAE
Fucus vesiculosus,FUCACEAE
Fumaria indica,FUMARIACEAE
Fumaria parviflora,FUMARIACEAE
Galeopsis tetrahit,LAMIACEAE
Galium aparine,RUBIACEAE
Galium elegans,RUBIACEAE
Galium verum,RUBIACEAE
Garcinia cambogia,CLUSIACEAE
Garcinia cowa,CLUSIACEAE
Garcinia indica,CLUSIACEAE
Garcinia mangostana,CLUSIACEAE
Garcinia morella,CLUSIACEAE
Garcinia pedunculata,CLUSIACEAE
Garcinia tinctoria,CLUSIACEAE
Gardenia campanulata,RUBIACEAE
Gardenia gummifera,RUBIACEAE
Gardenia jasminoides,RUBIACEAE
Gardenia resinifera,RUBIACEAE
Gardenia turgida,RUBIACEAE
Garuga pinnata,BURSERACEAE
Gaultheria fragrantissima,ERICACEAE
Gelonium multiflorum,EUPHORBIACEAE
Geranium lucidum,GERANIACEAE
Geranium mascatense,GERANIACEAE
Geranium molle,GERANIACEAE
Geranium nepalense,GERANIACEAE
Geranium nepalense,GERANIACEAE
Geranium pusillum,GERANIACEAE
Geranium robertianum,GERANIACEAE
Geranium rotundifolium,GERANIACEAE
Geranium wallichianum,GERANIACEAE
Gerbera piloselloides,ASTERACEAE
Geum elatum,ROSACEAE
Girardinia diversifolia,URTICACEAE
Gironniera cuspidata,ULMACEAE
Gisekia pharmaceoides,FICOIDEAE
Gleditsia triacanthos,CAESALPINIACEAE
Glinus lotoides,FICOIDEAE
Glinus oppositifolius,FICOIDEAE
Glochidion hohenackeri,EUPHORBIACEAE
Glochidion zeylanicum,EUPHORBIACEAE
Gloriosa superba,LILIACEAE
Glossocardia bosvallia,ASTERACEAE
Glossogyne bidens,ASTERACEAE
Glycine max,FABACEAE
Glycirrhiza glabra,FABACEAE
Glycosmis arborea,RUTACEAE
Gmelina arborea,VERBENACEAE
Gmelina asiatica,VERBENACEAE
Gnaphalium luteo-album,ASTERACEAE
Gnidia glauca,THYMELAEACEAE
Gordonia obtusa,THEACEAE
Gossypium arboreum,MALVACEAE
Gossypium herbaceum,MALVACEAE
Gouania leptostachya,RHAMNACEAE
Grewia hirsuta,TILIACEAE
Grewia sclerophylla,TILIACEAE
Grewia subinaequalis,TILIACEAE
Grewia tenax,TILIACEAE
Grewia tiliifolia,TILIACEAE
Grewia villosa,TILIACEAE
Guaiacum officinale,ZYGOPHYLLACEAE
Guazuma ulmifolia,STERCULIACEAE
Guettarda speciosa,RUBIACEAE
Gymnema sylvestre,ASCLEPIADACEAE
Gymnopetalum cochinchinensis,CUCURBITACEAE
Gymnostachyum febrifugum,ACANTHACEAE
Gynocardia odorata,FLACOURTIACEAE
Habenaria commelinifolia,ORCHIDACEAE
Haematoxylum campechianum,MIMOSACEAE
Haldina cordifolia,RUBIACEAE
Haloxylon griffithii,AMARANTHACEAE
Haloxylon recurvum,CHENOPODIACEAE
Haloxylon salicornicum(Moq.),CHENOPODIACEAE
Haplanthus tentaculatus,ACANTHACEAE
Haplanthus vericillatus,ACANTHACEAE
Harpullia arborea,SAPINDACEAE
Hedychium coronarium,ZINGIBERACEAE
Hedyotis scandens,RUBIACEAE
Hedyotis umbellata,RUBIACEAE
Hedyotis verticillata,RUBIACEAE
Helianthus annuus,ASTERACEAE
Helianthus tuberosus,ASTERACEAE
Helicteres isora,STERCULIACEAE
Heliotropium bacciferum,BORAGINACEAE
Heliotropium curassavicum,BORAGINACEAE
Heliotropium ellipticum,BORAGINACEAE
Heliotropium indicum,BORAGINACEAE
Heliotropium ovalifolium,BORAGINACEAE
Heliotropium strigosum,BORAGINACEAE
Hemerocallis fulva,LILIACEAE
Hemidesmus indicus,ASCLEPIADACEAE
Heracleum lanatum,APIACEAE
Heritiera littoralis,STERCULIACEAE
Herniaria glabra,ILLECEBRACEAE
Herniaria hirsuta,ILLECEBRACEAE
Heterophragma quadriloculare,BIGNONIACEAE
Heteropogon contortus,POACEAE
Hibiscus cannabinus,MALVACEAE
Hibiscus furcatus,MALVACEAE
Hibiscus mutabilis,MALVACEAE
Hibiscus ovalifolius,MALVACEAE
Hibiscus rosa-sinensis,MALVACEAE
Hibiscus sabdariffa,MALVACEAE
Hibiscus surattensis,MALVACEAE
Hibiscus syriacus,MALVACEAE
Hibiscus tiliaceus,MALVACEAE
Hibiscus trionum,MALVACEAE
Hieracium vulgatum,ASTERACEAE
Hierochloe laxa,POACEAE
Hippohae tibetana,ELAEAGNACEAE
Hiptage benghalensis,MALPIGHIACEAE
Holarrhena antudysentrica,APOCYNACEAE
Holarrhena antudysentrica,APOCYNACEAE
Holarrhena mitis,APOCYNACEAE
Holigrana arnottiana,ANACARDIACEAE
Holigrana longifolia,ANACARDIACEAE
Holoptelea integrifolia,ULMACEAE
Holostemma ada-kodien,ASCLEPIADACEAE
Holostemma rheedii,ASCLEPIADACEAE
Holosteum umbellatum,CARYOPHYLLACEAE
Homalomena aromatica,ARACEAE
Homonoia riperia,EUPHORBIACEAE
Hopea odorata,DIPTEROCARPACEAE
Hoppea dichotoma,GENTIANACEAE
Hordeum vulgare,POACEAE
Horsfieldia irya,MYRISTICACEAE
Horsfieldia kingii,MYRISTICACEAE
Houttuynia cordata,SAURURACEAE
Hovenia acerba,RHAMNACEAE
Hugonia mystax,LINACEAE
Humboldtia vahliana,CAESALPINIACEAE
Hura crepitans,EUPHORBIACEAE
Hybanthus enneaspermus,VIOLACEAE
Hydnocarpus kurzii,FLACOURTIACEAE
Hydnocarpus pentandra,FLACOURTIACEAE
Hydrangea aspera,SAXIFRAGACEAE
Hydrangea macrophylla,SAXIFRAGACEAE
Hydrocharis dubia,HYDROCHARITACEAE
Hydrocotyl javanica,APIACEAE
Hydrocotyl sibthorpioides,APIACEAE
Hydrolea zeylanica,HYDROPHYLLACEAE
Hygrophila auriculata,ACANTHACEAE
Hygrophila salicifolia,ACANTHACEAE
Hygroryza aristata,POACEAE
Hymenodictyon orixense,RUBIACEAE
Hyoscyamus niger,SOLANACEAE
Hypericum laxum,HYPERICACEAE
Hypericum perforatum,HYPERICACEAE
Hypericum uralum,HYPERICACEAE
Hypoxis aurea,AMARYLLIDACEAE
Hyptis capitata,LAMIACEAE
Hyptis suaveolens,LAMIACEAE
Hyssopus officinalis,LAMIACEAE
Iberis amara,BRASSICACEAE
Ichnocarpus frutescens,APOCYNACEAE
Ilex paraguariensis,AQUIFOLIACEAE
Impatiens balsamina,BALSAMINACEAE
Impatiens chinensis,BALSAMINACEAE
Impatiens tripetala,BALSAMINACEAE
Indigofera aspalathoides,FABACEAE
Indigofera astragalina,FABACEAE
Indigofera cassioides,FABACEAE
Indigofera coerulea,FABACEAE
Indigofera glabra,FABACEAE
Indigofera glandulosa,FABACEAE
Indigofera linifolia,FABACEAE
Indigofera linnaei,FABACEAE
Indigofera oblongifolia,FABACEAE
Indigofera suffruticosa,FABACEAE
Indigofera tinctoria,FABACEAE
Indigofera trifoliata,FABACEAE
Indigofera trita,FABACEAE
Inula graveolens,ASTERACEAE
Inula recemosa,ASTERACEAE
Ipomoea alba,CONVOLVULACEAE
Ipomoea aquatica,CONVOLVULACEAE
Ipomoea batatas,CONVOLVULACEAE
Ipomoea cairica,CONVOLVULACEAE
Ipomoea coptica,CONVOLVULACEAE
Ipomoea dasysperma,CONVOLVULACEAE
Ipomoea eriocarpa,CONVOLVULACEAE
Ipomoea hederifolia,CONVOLVULACEAE
Ipomoea muricata,CONVOLVULACEAE
Ipomoea nil,CONVOLVULACEAE
Ipomoea obscura(L.),CONVOLVULACEAE
Ipomoea paniculata,CONVOLVULACEAE
Ipomoea pes-caprae,CONVOLVULACEAE
Ipomoea pes-tigridis,CONVOLVULACEAE
Ipomoea purga,CONVOLVULACEAE
Ipomoea purpurea,CONVOLVULACEAE
Ipomoea quamoclit,CONVOLVULACEAE
Ipomoea sepiaria,CONVOLVULACEAE
Ipomoea tuberosa,CONVOLVULACEAE
Ipomoea violacea,CONVOLVULACEAE
Iris domestica,IRIDACEAE
Ixora arborea,RUBIACEAE
Ixora coccinea,RUBIACEAE
Ixora nigricans,RUBIACEAE
Jasminum angustifolium,OLEACEAE
Jasminum arborescens,OLEACEAE
Jasminum azoricum,OLEACEAE
Jasminum grandiflorum,OLEACEAE
Jasminum multiflorum,OLEACEAE
Jasminum officinale,OLEACEAE
Jasminum ritchiei,OLEACEAE
Jasminum rottlerianum,OLEACEAE
Jasminum sambac,OLEACEAE
Jasminum scandens,OLEACEAE
Jateorhiza palmata,MENISPERMACEAE
Jatropha curcas,EUPHORBIACEAE
Jatropha glandulifera,EUPHORBIACEAE
Jatropha gossypifolia,EUPHORBIACEAE
Jatropha multifida,EUPHORBIACEAE
Jatropha nana,EUPHORBIACEAE
Juglans regia,JUGLANDACEAE
Juncellus inundatus,CYPERACEAE
Juncus effusus,JUNCACEAE
Juniperus communis,CUPRESSACEAE
Juniperus polycarpus,CUPRESSACEAE
Juniperus recurva,CUPRESSACEAE
Jurinea dolomiaea,ASTERACEAE
Justicia adhatoda,ACANTHACEAE
Justicia betonica,ACANTHACEAE
Justicia gendarussa,ACANTHACEAE
Justicia procumbens,ACANTHACEAE
Kaempferia rotunda,ZINGIBERACEAE
Kalanchoe integra,CRASSULACEAE
Kalanchoe laciniata,CRASSULACEAE
Kedrostis rostrata,CUCURBITACEAE
Kendelia rheedii,RHIZOPHORACEAE
Kickxia ramosissima,SCROPHULARIACEAE
Kigelia pinnata,BIGNONIACEAE
Kingiodendron pinnatum,CAESALPINIACEAE
Kirganelia reticulata,EUPHORBIACEAE
Kleinhovia hospita,STERCULIACEAE
Knema angustifolia,MYRISTICACEAE
Kochia indica,CHENOPODIACEAE
Kochia scoparia,CHENOPODIACEAE
Kokoona zeylanica,CELASTRACEAE
Krameria triandra,POLYGALACEAE
Kydia calycina,MALVACEAE
Kyllinga brevifolia,CYPERACEAE
Kyllinga nemoralis,CYPERACEAE
Lablab purpureus,FABACEAE
Lactuca indica,ASTERACEAE
Lactuca remotiflora,ASTERACEAE
Lactuca runcinata,ASTERACEAE
Lactuca sativa,ASTERACEAE
Lactuca scariola,ASTERACEAE
Lagenandra toxicaria,ARACEAE
Lagenaria siceraria,CUCURBITACEAE
Lagerstroemia indica,LYTHRACEAE
Lagerstroemia speciosa,LYTHRACEAE
Lallemantia royleana,LAMIACEAE
Laminaria saccharina,PHAEOPHYCEAE
Lamium album,LAMIACEAE
Lamium amplexicaule,LAMIACEAE
Lamprachaenium microcephalum,ASTERACEAE
Lannea coromandelica,ASTERACEAE
Lasia spinosa,ARACEAE
Lathyrus aphaca,FABACEAE
Lathyrus odoratus,FABACEAE
Lathyrus pratensis,FABACEAE
Lathyrus sativus,FABACEAE
Lathyrus sphaericus,FABACEAE
Launaea asplenifolia,ASTERACEAE
Launaea resedifolia,ASTERACEAE
Launaea sarmentosa,ASTERACEAE
Laurentia longiflora,CAMPANULACEAE
Lavandula bipinnata,LAMIACEAE
Lavandula stoechas,LAMIACEAE
Lavandula vera,LAMIACEAE
Lawsonia inermis,LYTHRACEAE
Leea aequata,LEEACEAE
Leea crispa,LEEACEAE
Leea indica,LEEACEAE
Leea macrophylla,LEEACEAE
Lens culinaris,FABACEAE
Leonotis nepetaiefolia,LAMIACEAE
Leonurus cardiaca,LAMIACEAE
Leonurus sibiricus,LAMIACEAE
Lepidagathis cristata,ACANTHACEAE
Lepidagathis hamiltoniana,ACANTHACEAE
Lepidagathis incurva,ACANTHACEAE
Lepidagathis trinervis,ACANTHACEAE
Lepidium iberis,BRASSICACEAE
Lepidium latifolium,BRASSICACEAE
Lepidium sativum,BRASSICACEAE
Leptadenia reticulata,ASCLEPIADACEAE
Leucaena glauca,MIMOSACEAE
Leucas aspera,LAMIACEAE
Leucas cephalotus,LAMIACEAE
Leucas lavandulifolia,LAMIACEAE
Leucas stelligera,LAMIACEAE
Leucas zeylanica,LAMIACEAE
Licuala spinosa,ARECACEAE
Lilium giganteum,LILIACEAE
Lilium martagon,LILIACEAE
Lilium tigrinum,LILIACEAE
Lilium wallichianum,LILIACEAE
Limnophila aromatica,SCROPHULARIACEAE
Limnophila indica,SCROPHULARIACEAE
Limnophila rugosa,SCROPHULARIACEAE
Limonia acidissima,RUTACEAE
Lindera caudata,LAURACEAE
Lindera neesiana,LAURACEAE
Linderbergia indica,SCROPHULARIACEAE
Lindernia anagallis,SCROPHULARIACEAE
Lindernia crustacea,SCROPHULARIACEAE
Lindernia oppositifolia,SCROPHULARIACEAE
Lindernia procumbens,SCROPHULARIACEAE
Lindernia ruelloides,SCROPHULARIACEAE
Linum usitatissimum,LINACEAE
Liriodendron tulipifera,MAGNOLIACEAE
Litchi chinensis,SAPINDACEAE
Lithospermum arvensis,BORAGINACEAE
Lithospermum officinale,BORAGINACEAE
Litsea cubeba,LAURACEAE
Litsea lancifolia,LAURACEAE
Litsea monopetala,LAURACEAE
Litsea stocksii,LAURACEAE
Lobelia inflata,LOBELIACEAE
Lobelia leschenaultiana,LOBELIACEAE
Lobelia nicotianifolia,LOBELIACEAE
Lobelia pyramidalis,LOBELIACEAE
Lolium temulentum,POACEAE
Lonicera japonica,CAPRIFOLIACEAE
Lonicera periclymenum,CAPRIFOLIACEAE
Lonicera semenovii,CAPRIFOLIACEAE
Loxococcus rupicola,ARECACEAE
Ludwigia adscendens,ONAGRACEAE
Ludwigia octovalvis,ONAGRACEAE
Ludwigia perennis,ONAGRACEAE
Ludwigia prostrata,ONAGRACEAE
Luffa acutangula,CUCURBITACEAE
Luffa cylindrica(L.),CUCURBITACEAE
Luffa echinata,CUCURBITACEAE
Luisia tenuifolia,CUCURBITACEAE
Lumnitzera racemosa,COMBRETACEAE
Lupinus albus,FABACEAE
Lupinus angustifolius,FABACEAE
Lupinus luteus,FABACEAE
Luvunga scandens,RUTACEAE
Lychnis coronaria,CARYOPHYLLACEAE
Lycium barbarum,SOLANACEAE
Lycopodium cernuum,LYCOPODIACEAE
Lycopodium clavatum,LYCOPODIACEAE
Lycopus europaeus,LAMIACEAE
Lygodium flexuosum,LYGODIACEAE
Lygodium japonicum,LYGODIACEAE
Lygodium microphyllum,LYGODIACEAE
Lyonia ovalifolia,LYGODIACEAE
Macaranga denticulata,PROTEACEAE
Macaranga indica,EUPHORBIACEAE
Macaranga peltata,EUPHORBIACEAE
Madhuca butyracea,MORACEAE
Madhuca longifolia,SAPOTACEAE
Magnolia grandifolia,CAPPARACEAE
Mahonia borealis,BERBERIDACEAE
Mahonia sikkimensis,BERBERIDACEAE
Majorana hortensis,BERBERIDACEAE
Malachra capitata,LAMIACEAE
Mallotus philippensis,EUPHORBIACEAE
Malpighia glabra,MALPIGHIACEAE
Malpighia punicifolia,MALPIGHIACEAE
Malus pumila,MALPIGHIACEAE
Malus sylvestris,ROSACEAE
Malva parvifolia,ROSACEAE
Malva rotundifolia,MALVACEAE
Malva sylvestris,MALVACEAE
Malva verticillata,MALVACEAE
Malvastrum coromandelianum,MALVACEAE
Mandragora officinarum,CLUSIACEAE
Mangifera indica,ANACARDIACEAE
Manihot esculenta,EUPHORBIACEAE
Manilkara hexandra,EUPHORBIACEAE
Manilkara kauki,SAPOTACEAE
Marrubium vulgare,MARANTACEAE
Marsdenia roylei,ASCLEPIADACEAE
Marsdenia tenacissima,ASCLEPIADACEAE
Marsdenia tinctoria,ASCLEPIADACEAE
Marsilea minuta,MARSILEACEAE
Matricaria chamomilla,ASTERACEAE
Matthiola incana,ASTERACEAE
Maytenus emarginata,BRASSICACEAE
Measa chisia,CELASTRACEAE
Measa indica,MYRSINACEAE
Measa ramentacea,MYRSINACEAE
Medicago sativa,FABACEAE
Melanorrhoea usiata,ANACARDIACEAE
Melastoma malabathricum,MELASTOMATACEAE
Melia azedarach,MELIACEAE
Melilotus alba,FABACEAE
Melilotus indica,FABACEAE
Melilotus officinalis,FABACEAE
Melissa axillaris,LAMIACEAE
Melochia corchorifolia,STERCULIACEAE
Melodinus monogynus,APOCYNACEAE
Melothria amplexicaulis,CUCURBITACEAE
Melothria maderaspatana,CUCURBITACEAE
Melothria scabra,CUCURBITACEAE
Memecylon angustifolium,MELASTOMATACEAE
Memecylon umbellatum,MELASTOMATACEAE
Mentha aquatica,LAMIACEAE
Mentha arvensis,LAMIACEAE
Mentha longifolia,LAMIACEAE
Mentha piperita,LAMIACEAE
Mentha pulegium,LAMIACEAE
Mentha sativa,LAMIACEAE
Mentha spicata,LAMIACEAE
Mentha verticillata,LAMIACEAE
Menyanthes trifoliata,MENYANTHACEAE
Meriandra bengalensis,LAMIACEAE
Meriandra strobilifera,LAMIACEAE
Merremia dissecta,CONVOLVULACEAE
Merremia gangetica,CONVOLVULACEAE
Merremia tridentata,CONVOLVULACEAE
Merremia turpethum,CONVOLVULACEAE
Merremia umbellata,CONVOLVULACEAE
Merremia vitifolia,CONVOLVULACEAE
Mesua ferrea,CLUSIACEAE
Meyna laxiflora,RUBIACEAE
Michelia champaca,MAGNOLIACEAE
Michelia montana,MAGNOLIACEAE
Michelia nilagirica,MAGNOLIACEAE
Microcos paniculata,TILIACEAE
Micromeria biflora,LAMIACEAE
Micromeria capitellata,LAMIACEAE
Microrhychus nudicaulis,ASTERACEAE
Microsorum scolopendria,POLYPODIACEAE
Mikania cordata,ASTERACEAE
Miliusa velutina,ANNONACEAE
Millettia extensa,FABACEAE
Millettia pachycarpa,FABACEAE
Millettia piscidia,FABACEAE
Millettia racemosa,FABACEAE
Millingtonia hortensis,BIGNONIACEAE
Mimosa pudica,MIMOSACEAE
Mimosa rubicaulis,MIMOSACEAE
Mimulus moschatus,SCROPHULARIACEAE
Mimulus strictus,SCROPHULARIACEAE
Mimusops elengi,SAPOTACEAE
Mitragyna parvifolia,RUBIACEAE
Mitragyna rotundifolia,RUBIACEAE
Mollugo cerviana,MOLLUGINACEAE
Mollugo nudicaulis,MOLLUGINACEAE
Mollugo pentaphylla,MOLLUGINACEAE
Monotropa uniflora,MONOTROPACEAE
Morinda citrifolia,RUBIACEAE
Morinda umbellata,RUBIACEAE
Moringa concanensis,MORINGACEAE
Moringa oleifera,MORINGACEAE
Mormordica balsamina,CUCURBITACEAE
Mormordica charantia,CUCURBITACEAE
Mormordica cochinchinensis,CUCURBITACEAE
Mormordica dioica,CUCURBITACEAE
Morus alba,MORACEAE
Morus australis,MORACEAE
Morus nigra,MORACEAE
Moschosma polystachyum,LAMIACEAE
Mucuna gigantea,FABACEAE
Mucuna monosperma,FABACEAE
Mucuna nigricans,FABACEAE
Mucuna pruriens,FABACEAE
Murdannia scapiflora,COMMELINACEAE
Murraya koenigii,RUTACEAE
Murraya paniculata,RUTACEAE
Musa paradisiaca,MUSACEAE
Mussaenda glabra,RUBIACEAE
Mussaenda glabrata,RUBIACEAE
Myrica esculenta,MYRICACEAE
Myricaria bracteata,TAMARICACEAE
Myristica dactyloides,MYRISTICACEAE
Myristica fragrans,MYRISTICACEAE
Myristica malabarica,MYRISTICACEAE
Myrsine africana,MYRSINACEAE
Myrtus communis,MYRTACEAE
Myxopyrum smilacifolium,OLEACEAE
Nannorhops ritchiena,ARECACEAE
Nardostachys grandiflora,VALERIANACEAE
Naringi crenulata,RUTACEAE
Nelumbo nucifera,NYMPHAEACEAE
Neolitsea cassia,LAURACEAE
Olea dioica,OLEACEAE
Olea europaea,OLEACEAE
Olea ferruginea,OLEACEAE
Olea glandulifera,OLEACEAE
Onosma bracteatum,BORAGINACEAE
Onosma hispidum,BORAGINACEAE
Ophioglossum vulgatum,OPHIOGLOSSACEAE
Ophiorrhiza mungos,RUBIACEAE
Opuntia coccinellifera,CACTACEAE
Opuntia nigricans,CACTACEAE
Oreocnide integrifolia,URTICACEAE
Origanum vulgare,LAMIACEAE
Ormocarpum sennoides,FABACEAE
Orobanche aegyptiaca,OROBANCHACEAE
Oroxylum indicum,BIGNONIACEAE
Orthosiphon grandiflorus,LAMIACEAE
Orthosiphon pallidus,LAMIACEAE
Osbeckia crinita,MELASTOMATACEAE
Osbeckia nepalensis,MELASTOMATACEAE
Osmanthus fragrans,OLEACEAE
Osmunda regalis,OSMUNDACEAE
Ougeinia oojeinensis,FABACEAE
Ouratea angustifolia,OCHNACEAE
Oxalis corniculata,OXALIDACEAE
Oxyria digyna,POLYGONACEAE
Oxystelma secamone,ASCLEPIADACEAE
Pachyrrhizus erosus,FABACEAE
Paederia scandens,RUBIACEAE
Paeonia emodi,PAEONIACEAE
Pajanelia longifolia,BIGNONIACEAE
Panax pseudo-ginseng,ARALIACEAE
Panicum antidotale,POACEAE
Panicum incomtum,POACEAE
Panicum maximum,POACEAE
Papaver argemone,PAPAVERACEAE
Papaver dubium,PAPAVERACEAE
Papaver hybridum,PAPAVERACEAE
Papaver nudicaule,PAPAVERACEAE
Papaver orientale,PAPAVERACEAE
Papaver rhoeas,PAPAVERACEAE
Papaver somniferum,PAPAVERACEAE
Paracalyx scariosa,FABACEAE
Parameria polyneura,APOCYNACEAE
Paramignya angulata,RUTACEAE
Paramignya monophylla,RUTACEAE
Parsonsia helicandra,APOCYNACEAE
Paspalum scrobiculatum,POACEAE
Passiflora edulis,PASSIFLORACEAE
Passiflora foetida,PASSIFLORACEAE
Pavetta crassicaulis,RUBIACEAE
Pavonia odorata,MALVACEAE
Pavonia zeylanica,MALVACEAE
Pedalium murex,PEDALIACEAE
Pedicularis pectinata,SCROPHULARIACEAE
Pedicularis siphonantha,SCROPHULARIACEAE
Pedilanthus tithymaloides,EUPHORBIACEAE
Peganum harmala,RUTACEAE
Pelargonium graveolens,GERANIACEAE
Pellaea hastata,ADIANTACEAE
Pentapetes phoenicea,STERCULIACEAE
Pentatropis spiralis,ASCLEPIADACEAE
Pergularia daemia,ASCLEPIADACEAE
Pericampylus glaucus,MENISPERMACEAE
Perilepta auriculata,ACANTHACEAE
Perilla frutescens,LAMIACEAE
Periploca aphylla,PERIPLOCACEAE
Peristrophe bicalyculata,ACANTHACEAE
Peristrophe roxburghiana,ACANTHACEAE
Perovskia abrotanoides,LAMIACEAE
Petroselinum crispum,APIACEAE
Peucedanum dhana,APIACEAE
Peucedanum grande,APIACEAE
Peucedanum nagpurense,APIACEAE
Phaseolus adenanthus,FABACEAE
Phaseolus lunatus,FABACEAE
Phaseolus vulgaris,FABACEAE
Phlogacanthus thyrsiflorus,ACANTHACEAE
Phoenix dactylifera,ARECACEAE
Phoenix pusilla,ARECACEAE
Phoenix sylvestris,ARECACEAE
Phyla nodiflora,VERBENACEAE
Phyllanthus acidus,EUPHORBIACEAE
Phyllanthus fraternus,EUPHORBIACEAE
Phyllanthus maderaspatensis,EUPHORBIACEAE
Phyllanthus urinaria,EUPHORBIACEAE
Phyllanthus virgatus,EUPHORBIACEAE
Phyllochlamys taxoides,MORACEAE
Physalis angulata,SOLANACEAE
Physalis minima,SOLANACEAE
Physalis peruviana,SOLANACEAE
Physochlaina praealta,SOLANACEAE
Phytolacca acinosa,PHYTOLACCACEAE
Picororhiza kurroa,SCROPHULARIACEAE
Picrasma javanica,SIMAROUBACEAE
Picrasma quassioides,SIMAROUBACEAE
Picris hieracioides,ASTERACEAE
Pilea microphylla,URTICACEAE
Pimpinella anisum,APIACEAE
Pimpinella heyneana,APIACEAE
Pinanga dicksonii,ARECACEAE
Pinus gerardiana,PINACEAE
Pinus roxburghii,PINACEAE
Piper cubeba,PIPERACEAE
Piper longum,PIPERACEAE
Piper retrofractum,PIPERACEAE
Piper sarmentosum,PIPERACEAE
Piper sylvaticum,PIPERACEAE
Piper trioicum,PIPERACEAE
Piper wallichii,PIPERACEAE
Pisonia mitis,NYCTAGINACEAE
Pistacia kinjuk,ANACARDIACEAE
Pistacia lentiscus,ANACARDIACEAE
Pistacia vera,ANACARDIACEAE
Pistia stratiotes,ARACEAE
Pisum sativum,FABACEAE
Pithecellobium angulatum,MIMOSACEAE
Pithecellobium clypearia,MIMOSACEAE
Pithecellobium dulce,MIMOSACEAE
Pithecellobium monadelphum,MIMOSACEAE
Pittosporum napaulense,PITTOSPORACEAE
Plantago amplexicaulis,PLANTAGINACEAE
Plantago himalaica,PLANTAGINACEAE
Plantago lanceolata,PLANTAGINACEAE
Plantago major,PLANTAGINACEAE
Plantago ovata,PLANTAGINACEAE
Plantago psyllium,PLANTAGINACEAE
Platanus orientalis,PLATANACEAE
Plectranthus mollis,LAMIACEAE
Pleopeltis macrocarpa,POLYPODIACEAE
Plesmonium margaritiferum,ARACEAE
Pluchea indica,ASTERACEAE
Pluchea lanceolata,ASTERACEAE
Plumbago indica,PLUMBAGINACEAE
Plumbago zeylanica,PLUMBAGINACEAE
Plumeria alba,APOCYNACEAE
Plumeria rubra,APOCYNACEAE
Plumeria rubra,APOCYNACEAE
Podocarpus neriifolia,PODOCARPACEAE
Pogostemon benghalense,LAMIACEAE
Pogostemon heyneanus,LAMIACEAE
Pogostemon parviflorus,LAMIACEAE
Pogostemon purpurascens,LAMIACEAE
Polyalthia longifolia,ANNONACEAE
Polycarpea corymbosa,CARYOPHYLLACEAE
Polycarpon prostratum,CARYOPHYLLACEAE
Polygala crotalarioides,POLYGALACEAE
Polygala elongata,POLYGALACEAE
Polygala glomerata,POLYGALACEAE
Polygala sibirica,POLYGALACEAE
Polygala telephioides,POLYGALACEAE
Polygonatum multiflorum,LILIACEAE
Polygonum aviculare,POLYGONACEAE
Polygonum barbatum,POLYGONACEAE
Polygonum chinense,POLYGONACEAE
Polygonum glabrum,POLYGONACEAE
Polygonum hydropiper,POLYGONACEAE
Polygonum molle,POLYGONACEAE
Polygonum nepalense,POLYGONACEAE
Polygonum orientale,POLYGONACEAE
Polygonum persicaria,POLYGONACEAE
Polygonum plebeium,POLYGONACEAE
Polygonum polystachyum,POLYGONACEAE
Polygonum tenellum,POLYGONACEAE
Polygonum virginianum,POLYGONACEAE
Polygonum viviparum,POLYGONACEAE
Polypodium vulgare,POLYPODIACEAE
Polyscias fruticosa,ARALIACEAE
Populus alba,SALICACEAE
Populus euphratica,SALICACEAE
Portulaca oleracea,PORTULACACEAE
Portulaca pilosa,PORTULACACEAE
Portulaca quadrifida,PORTULACACEAE
Potentilla anserina,ROSACEAE
Potentilla arbuscula,ROSACEAE
Potentilla lineata,ROSACEAE
Potentilla nepalensis,ROSACEAE
Potentilla reptans,ROSACEAE
Potentilla sundaica,ROSACEAE
Potentilla supina,ROSACEAE
Pothos cathcartii,ARACEAE
Pothos scandens,ARACEAE
Pouzolzia sanguinea,URTICACEAE
Pouzolzia zeylanica,URTICACEAE
Prangos pabularia,APIACEAE
Pratia nummularia,CAMPANULACEAE
Premna corymbosa,VERBENACEAE
Premna divaricata,VERBENACEAE
Premna latifolia,VERBENACEAE
Premna tomentosa,VERBENACEAE
Primula reticulata,PRIMULACEAE
Prinsepia utilis,ROSACEAE
Prosopis chilensis,MIMOSACEAE
Prosopis cineraria,MIMOSACEAE
Prunella vulgaris,LAMIACEAE
Prunus armeniaca,ROSACEAE
Prunus avium,ROSACEAE
Prunus cerasoides,ROSACEAE
Prunus cerasus,ROSACEAE
Prunus ceylanica,ROSACEAE
Prunus domestica,ROSACEAE
Prunus dulcis,ROSACEAE
Prunus mahaleb,ROSACEAE
Prunus persica,ROSACEAE
Prunus salicina,ROSACEAE
Prunus undulata,ROSACEAE
Psammogeton canescens,APIACEAE
Pseudarthria viscida,FABACEAE
Psidium guajava,MYRTACEAE
Psoralea corylifolia,FABACEAE
Pteridium aquilinum,DENNSTAEDTIACEAE
Pterocarpus indicus,FABACEAE
Pterocarpus marsupium,FABACEAE
Pterocarpus santalinus,FABACEAE
Pterocymbium javanicum,STERCULIACEAE
Pterospermum acerifolium,STERCULIACEAE
Pterospermum suberifolium,STERCULIACEAE
Pterospermum xylocarpum,STERCULIACEAE
Pueraria phaseoloides,FABACEAE
Pueraria tuberosa,FABACEAE
Pulicaria crispa,ASTERACEAE
Pulicaria dysenterica,ASTERACEAE
Punica granatum,PUNICACEAE
Quercus infectoria,FAGACEAE
Quercus lamellosa,FAGACEAE
Quercus leucotrichophora,FAGACEAE
Quercus pachyphylla,FAGACEAE
Quisqualis indica,COMBRETACEAE
Radermachera xylocarpa,BIGNONIACEAE
Randia cochinchinensis,RUBIACEAE
Randia longiflora,RUBIACEAE
Randia tomentosa,RUBIACEAE
Ranunculus aquatilis,RANUNCULACEAE
Ranunculus arvensis,RANUNCULACEAE
Ranunculus cantoniensis,RANUNCULACEAE
Ranunculus lingua,RANUNCULACEAE
Ranunculus muricatus,RANUNCULACEAE
Ranunculus sceleratus,RANUNCULACEAE
Raphanus sativus,BRASSICACEAE
Rauvolfia sarpentina,APOCYNACEAE
Rauvolfia tetraphylla,APOCYNACEAE
Reinwardtia indica,LINACEAE
Reissantia indica,HIPPOCRATEACEAE
Remusatia vivipara,ARACEAE
Reseda odorata,RESEDACEAE
Rhamnus nepalensis,RHAMNACEAE
Rhamnus purpureus,RHAMNACEAE
Rhamnus triquetra,RHAMNACEAE
Rhamnus virgatus,RHAMNACEAE
Rhamnus wightii,RHAMNACEAE
Rheum emodi,POLYGONACEAE
Rheum spiciforme,POLYGONACEAE
Rheum webbianum,POLYGONACEAE
Rhinacanthus nasuta,ACANTHACEAE
Rhizophora mucronata,RHIZOPHORACEAE
Rhodamnia trinervia,MYRTACEAE
Rhododendron anthopogon,ERICACEAE
Rhododendron arboreum,ERICACEAE
Rhododendron campanulatum,ERICACEAE
Rhododendron lepidotum,ERICACEAE
Rhododendron setosum,ERICACEAE
Rhodomyrtus tomentosa,MYRTACEAE
Rhus coriaria,ANACARDIACEAE
Rhus hookeri,ANACARDIACEAE
Rhus javanica,ANACARDIACEAE
Rhus parviflora,ANACARDIACEAE
Rhus punjabensis,ANACARDIACEAE
Rhus succedanea,ANACARDIACEAE
Rhynchosia minima,FABACEAE
Rhynchostylis retusa,ORCHIDACEAE
Ribes alpestre,GROSSULARIACEAE
Ribes orientalis,GROSSULARIACEAE
Ricinus communis,EUPHORBIACEAE
Rivea ornata,CONVOLVULACEAE
Rorippa indica,BRASSICACEAE
Rorippa islandica,BRASSICACEAE
Rorippa nasturtium-aquaticum,BRASSICACEAE
Rosa banksiae,ROSACEAE
Rosa brunonii,ROSACEAE
Rosa centifolia,ROSACEAE
Rosa damascena,ROSACEAE
Rosa multiflora,ROSACEAE
Roscoea purpurea,ZINGIBERACEAE
Rosmarinus officinalis,LAMIACEAE
Rotula aquatica,BORAGINACEAE
Roylea cineria,LAMIACEAE
Rubia cordifolia,RUBIACEAE
Rubia tinctorum,RUBIACEAE
Rubus moluccanus,ROSACEAE
Rumex acetosa,POLYGONACEAE
Rumex acetosella,POLYGONACEAE
Rumex crispus,POLYGONACEAE
Rumex dentatus,POLYGONACEAE
Rumex maritimus,POLYGONACEAE
Rumex nepalensis,POLYGONACEAE
Rumex scutatus,POLYGONACEAE
Rungia parviflora,ACANTHACEAE
Rungia repens,ACANTHACEAE
Ruta graveolens,RUTACEAE
Saccharum bengalense,POACEAE
Saccharum spontaneum,POACEAE
Sageraea laurifolia,ANNONACEAE
Sagittaria sagittifolia,ALISMATACEAE
Salacia chinensis,CELASTRACEAE
Salacia oblonga,CELASTRACEAE
Salacia reticulata,CELASTRACEAE
Salicornia brachiata,CHENOPODIACEAE
Salix acmophylla,SALICACEAE
Salix babylonica,SALICACEAE
Salix caprea,SALICACEAE
Salix tetrasperma,SALICACEAE
Salsola baryosma,CHENOPODIACEAE
Salsola kali,CHENOPODIACEAE
Salvadora oleoides,SALVADORACEAE
Salvadora persica,SALVADORACEAE
Salvia aegyptica,LAMIACEAE
Salvia moorcroftiana,LAMIACEAE
Salvia officinalis,LAMIACEAE
Salvia plebeia,LAMIACEAE
Samadera indica,SIMAROUBACEAE
Sambucus nigra,CAPRIFOLIACEAE
Sambucus wightiana,CAPRIFOLIACEAE
Sandoricum indicum,MELIACEAE
Santaloides minus,CONNARACEAE
Santalum album,SANTALACEAE
Sapindus mukorossi,SAPINDACEAE
Sapindus trifoliatus,SAPINDACEAE
Sapium indicum,EUPHORBIACEAE
Sapium insigne,EUPHORBIACEAE
Sapium sebiferum,EUPHORBIACEAE
Saprosma ternatum,RUBIACEAE
Saraca indica,CAESALPINIACEAE
Sarcococca saligna,EUPHORBIACEAE
Sarcostemma acidum,ASCLEPIADACEAE
Sarcostemma brunonianum,ASCLEPIADACEAE
Sarcostemma intermedium,ASCLEPIADACEAE
Sarcostigma kleinii,ICACINACEAE
Satureja hortensis,LAMIACEAE
Sauromatum venosum,ARACEAE
Sauropus androgynus,EUPHORBIACEAE
Sauropus quadrangularis,EUPHORBIACEAE
Saussurea affinis,ASTERACEAE
Saussurea auriculata,ASTERACEAE
Saussurea heteromalla,ASTERACEAE
Saussurea lappa,ASTERACEAE
Saussurea obvallata,ASTERACEAE
Scaevola taccada,GOODENIACEAE
Schima wallichii,THEACEAE
Schleichera oleosa,SAPINDACEAE
Schrebera swietenioides,OLEACEAE
Schweinfurthia papilionacea,SCROPHULARIACEAE
Scilla hyacinthina,LILIACEAE
Scindapsus officinalis,ARACEAE
Scirpus articulatus,CYPERACEAE
Scirpus grossus,CYPERACEAE
Scirpus lacustris,CYPERACEAE
Scirpus maritimus,CYPERACEAE
Scleria levis,CYPERACEAE
Scleria lithosperma,CYPERACEAE
Scoparia dulcis,SCROPHULARIACEAE
Scutellaria discolor,LAMIACEAE
Scutellaria galericulata,LAMIACEAE
Sebastiania chamaelea(L.),EUPHORBIACEAE
Secamone emetica,EUPHORBIACEAE
Securinega leucopyrus,EUPHORBIACEAE
Securinega virosa,EUPHORBIACEAE
Sedum multicaule,CRASSULACEAE
Semecarpus anacardium,ANACARDIACEAE
Senecio bhutanicus,ASTERACEAE
Senecio chrysanthemoides,ASTERACEAE
Senecio jacquemontianus,ASTERACEAE
Senecio tenuifolius,ASTERACEAE
Senecio vulgaris,ASTERACEAE
Sesamum orientale,PEDALIACEAE
Sesbania bispinosa,FABACEAE
Sesbania grandiflora,FABACEAE
Sesbania sesban,FABACEAE
Seseli diffusum,APIACEAE
Seseli sibiricum,APIACEAE
Setaria plicata,POACEAE
Shorea robusta,DIPTEROCARPACEAE
Sida acuta,MALVACEAE
Sida cordata,MALVACEAE
Sida cordifolia,MALVACEAE
Sida ovata,MALVACEAE
Sida rhombifolia,MALVACEAE
Siegesbeckia orientalis,ASTERACEAE
Silene conoidea,CARYOPHYLLACEAE
Silene gallica,CARYOPHYLLACEAE
Silybum marianum,ASTERACEAE
Sisymbrium altissimum,BRASSICACEAE
Sisymbrium irio,BRASSICACEAE
Sisymbrium loeselii,BRASSICACEAE
Skimmia laureola,RUTACEAE
Smilax glabra,SMILACACEAE
Smilax lanceaefolia,SMILACACEAE
Smilax ovalifolia,SMILACACEAE
Smithia conferta,FABACEAE
Smithia sensitiva,FABACEAE
Solanum albicaule,SOLANACEAE
Solanum dulcamara,SOLANACEAE
Solanum erianthum,SOLANACEAE
Solanum ferox,SOLANACEAE
Solanum gracilipes,SOLANACEAE
Solanum indicum,SOLANACEAE
Solanum melongena,SOLANACEAE
Solanum nigrum,SOLANACEAE
Solanum spirale,SOLANACEAE
Solanum surattense,SOLANACEAE
Solanum torvum,SOLANACEAE
Solanum trilobatum,SOLANACEAE
Solanum tuberosum,SOLANACEAE
Solidago virgaurea,ASTERACEAE
Sonchus asper,ASTERACEAE
Sonchus brachyotus,ASTERACEAE
Sonchus oleraceus,ASTERACEAE
Sonneratia caseolaris,SONNERATIACEAE
Sophora mollis,FABACEAE
Sophora tomentosa,FABACEAE
Sopubia delphinifolia,SCROPHULARIACEAE
Sorbaria tomentosa,ROSACEAE
Sorbus aucuparia,ROSACEAE
Sorghum halepense,POACEAE
Soymida febrifuga,MELIACEAE
Spermadictyon suaveolens,RUBIACEAE
Sphaeranthus africanus,ASTERACEAE
Sphaeranthus indicus,ASTERACEAE
Sphenodesme pentandra,VERBENACEAE
Spilanthes calva,ASTERACEAE
Spinacia oleracea,CHENOPODIACEAE
Spondias pinnata,ANACARDIACEAE
Stachys palustris,LAMIACEAE
Stachys parviflora,LAMIACEAE
Stachys sylvatica,LAMIACEAE
Stachytarpheta indica,VERBENACEAE
Stellaria alsine,CARYOPHYLLACEAE
Stellaria media,CARYOPHYLLACEAE
Stemodia viscosa,SCROPHULARIACEAE
Stephania glabra,MENISPERMACEAE
Stephania hernandifolia,MENISPERMACEAE
Sterculia balanghas,STERCULIACEAE
Sterculia foetida,STERCULIACEAE
Sterculia rubiginosa,STERCULIACEAE
Sterculia urens,STERCULIACEAE
Stereospermum chelonoides,BIGNONIACEAE
Stereospermum personatum,BIGNONIACEAE
Stranvaesia glaucescens,ROSACEAE
Streblus asper,MORACEAE
Striga asiatica,SCROPHULARIACEAE
Striga gesnerioides,SCROPHULARIACEAE
Strobilanthes callosus,ACANTHACEAE
Strobilanthes cusia,ACANTHACEAE
Strobilanthes lupulinus,ACANTHACEAE
Strophanthus wightianus,APOCYNACEAE
Strychnos aenea,LOGANIAACEAE
Strychnos cinnamomifolia,LOGANIAACEAE
Strychnos colubrina,LOGANIAACEAE
Strychnos ignatii,LOGANIACEAE
Strychnos nux-vomica,LOGANIAACEAE
Strychnos potatorum,LOGANIAACEAE
Styrax benzoin,STYRACACEAE
Suaeda fruticosa,CHENOPODIACEAE
Swertia alata,GENTIANACEAE
Swertia angustifolia,GENTIANACEAE
Swertia paniculata,GENTIANACEAE
Symplocos chinensis,SYMPLOCACEAE
Symplocos racemosa,SYMPLOCACEAE
Synedrella nodiflora,ASTERACEAE
Syringa persica,OLEACEAE
Syzygium aromaticum,MYRTACEAE
Syzygium cumini,MYRTACEAE
Syzygium jambos,MYRTACEAE
Syzygium zeylanicum,MYRTACEAE
Tabernaemontana divaricata,APOCYNACEAE
Tacca integrifolia,TACCACEAE
Tagetes erecta,ASTERACEAE
Tamarindus indica,CAESALPINIACEAE
Taraxacum offininale,ASTERACEAE
Tarenna asiatica,RUBIACEAE
Taverniera cuneifolia,FABACEAE
Taxus wallichiana,TAXACEAE
Tecoma stans,BIGNONIACEAE
Tecomella undulata,BIGNONIACEAE
Tectona grandis,VERBENACEAE
Tephrosia candida,FABACEAE
Tephrosia purpurea,FABACEAE
Tephrosia uniflora,FABACEAE
Tephrosia villosa,FABACEAE
Teramnus labialis,FABACEAE
Terminalia alata,COMBRETACEAE
Terminalia arjuna,COMBRETACEAE
Terminalia bellirica,COMBRETACEAE
Terminalia bialata,COMBRETACEAE
Terminalia catappa,COMBRETACEAE
Terminalia chebula,COMBRETACEAE
Terminalia citrina,COMBRETACEAE
Terminalia coriacea,COMBRETACEAE
Terminalia myriocarpa,COMBRETACEAE
Terminalia pallida,COMBRETACEAE
Terminalia paniculata,COMBRETACEAE
Ternstroemia gymnanthera,THEACEAE
Tetracera laevis,DILLENIACEAE
Tetradium fraxinifolium,RUTACEAE
Tetradium ruticarpum,RUTACEAE
Teucrium chamaedrys,VITACEAE
Teucrium polium,VITACEAE
Teucrium scordium,LAMIACEAE
Thalictrum foliolosum,RANUNCULACEAE
Thalictrum minus,RANUNCULACEAE
Theobroma cacao,STERCULIACEAE
Thespesia populnea,MALVACEAE
Thevetia peruviana,APOCYNACEAE
Thlaspi arvense,BRASSICACEAE
Thuja orientalis,CUPRESSACEAE
Thunbergia alata,ACANTHACEAE
Thunbergia grandiflora,ACANTHACEAE
Thunbergia laurifolia,ACANTHACEAE
Thymus serpyllum,LAMIACEAE
Thymus vulgaris,LAMIACEAE
Tiliacora acuminata,MENISPERMACEAE
Tinospora cordifolia,MENISPERMACEAE
Tinospora sinensis,MENISPERMACEAE
Toddalia asiatica,RUTACEAE
Toona ciliata,MELIACEAE
Torenia asiatica,SCROPHULARIACEAE
Trachelospermum lucidum,APOCYNACEAE
Trachylobium hornemannianum,CAESALPINIACEAE
Trachyspermum ammi,APIACEAE
Trachyspermum roxburghianum,APIACEAE
Tragia involucrata,EUPHORBIACEAE
Tragopogon pratensis,ASTERACEAE
Tragopogon sinuatus,ASTERACEAE
Trapa natans,TRAPACEAE
Trema orientalis,ULMACEAE
Trewia nudiflora,EUPHORBIACEAE
Tribulus terrestris,ZYGOPHYLLACEAE
Trichilia connaroides,MELIACEAE
Trichodesma africanum,BORAGINACEAE
Trichodesma indicum,BORAGINACEAE
Trichodesma zeylanicum,BORAGINACEAE
Tricholepis glaberrima,ASTERACEAE
Trichosanthes bracteata,CUCURBITACEAE
Trichosanthes cordata,CUCURBITACEAE
Trichosanthes cucumerina,CUCURBITACEAE
Trichosanthes dioica,CUCURBITACEAE
Trichosanthes nervifolia,CUCURBITACEAE
Trichosanthes wallichiana,CUCURBITACEAE
Trifolium alexandrinum,FABACEAE
Trifolium pratense,FABACEAE
Trifolium repens,FABACEAE
Trigonella corniculata,FABACEAE
Trigonella foenum-graecum,FABACEAE
Trigonella incisa,FABACEAE
Trigonella uncata,FABACEAE
Triphasia trifolia,RUTACEAE
Triumfetta semitriloba,TILIACEAE
Turraea villosa,MELIACEAE
Tussilago farfara,ASTERACEAE
Tylophora fasciculata,ASCLEPIADACEAE
Tylophora indica,ASCLEPIADACEAE
Tylophora tenuis,ASCLEPIADACEAE
Uncaria gambir,RUBIACEAE
Uraria crinita,FABACEAE
Uraria lagopodioides,FABACEAE
Uraria picta,FABACEAE
Uraria rufescens,FABACEAE
Urena lobata,MALVACEAE
Urena repanda,MALVACEAE
Urena sinuata,MALVACEAE
Urgenia indica,LILIACEAE
Urtica dioica,URTICACEAE
Urtica parviflora,URTICACEAE
Utricularia bifida,LENTIBULARIACEAE
Uvaria narum,ANNONACEAE
Vaccaria pyramidata,CARYOPHYLLACEAE
Valeriana dubia,VALERIANACEAE
Valeriana hardwickii,VALERIANACEAE
Valeriana jatamansi,VALERIANACEAE
Vallaris solanacea,APOCYNACEAE
Vanda spathulata,ORCHIDACEAE
Vanda tessellata,ORCHIDACEAE
Vateria indica,DIPTEROCARPACEAE
Ventilago denticulata,RHAMNACEAE
Ventilago madraspatana,RHAMNACEAE
Verbascum chinense,SCROPHULARIACEAE
Verbascum thapsus,SCROPHULARIACEAE
Vernonia arborea,ASTERACEAE
Vernonia cineria,ASTERACEAE
Vernonia squarrosa,ASTERACEAE
Veronica anagallis-aquatica,SCROPHULARIACEAE
Veronica arvensis,SCROPHULARIACEAE
Veronica beccabunga,SCROPHULARIACEAE
Vetiveria zizanioides,POACEAE
Viburnum foetidum,CAPRIFOLIACEAE
Vicia faba,FABACEAE
Vicia hirsuta,FABACEAE
Vicia sativa,FABACEAE
Vigna aconitifolia,FABACEAE
Vigna mungo,FABACEAE
Vigna radiata,FABACEAE
Vigna trilobata,FABACEAE
Vigna umbellata,FABACEAE
Vigna unguiculata,FABACEAE
Vincetoxicum album,ASCLEPIADACEAE
Viola biflora,VIOLACEAE
Viola cineria,VIOLACEAE
Viola diffusa,VIOLACEAE
Viola patrinii,VIOLACEAE
Viola pilosa,VIOLACEAE
Viola sylvestris,VIOLACEAE
Viola tricolor,VIOLACEAE
Viscum articulatum,LORANTHACEAE
Viscum monoicum,LORANTHACEAE
Viscum orientale,LORANTHACEAE
Vitex agnus-castus,VERBENACEAE
Vitex glabrata,VERBENACEAE
Vitex leucoxylon,VERBENACEAE
Vitex negundo,VERBENACEAE
Vitex peduncularis,VERBENACEAE
Vitex pinnata,VERBENACEAE
Vitex trifolia,VERBENACEAE
Vitis vinifera,VITACEAE
Wagatea spicata,CAESALPINIACEAE
Waltheria indica,STERCULIACEAE
Wattakaka volubilis,ASCLEPIADACEAE
Wedelia biflora,ASTERACEAE
Wedelia chinensis,ASTERACEAE
Wedelia wallichii,ASTERACEAE
Wikstroemia indica,THYMELAEACEAE
Withania coagulans,SOLANACEAE
Withania somnifera,SOLANACEAE
Woodfordia fruticosa,LYTHRACEAE
Wrightia tinctoria,APOCYNACEAE
Wrightia tomentosa,APOCYNACEAE
Xanthium strumarium,ASTERACEAE
Xeromphis spinosa,RUBIACEAE
Xeromphis uliginosa,RUBIACEAE
Ximenia americana,OLACACEAE
Xylia xylocarpa,MIMOSACEAE
Yucca aloifolia,LILIACEAE
Yucca gloriosa,LILIACEAE
Zanonia indica,CUCURBITACEAE
Zanthoxylum acanthopodium,RUTACEAE
Zanthoxylum armatum,RUTACEAE
Zanthoxylum nitidum,RUTACEAE
Zanthoxylum ovalifolium,RUTACEAE
Zanthoxylum oxyphyllum,RUTACEAE
Zanthoxylum rhetsa,RUTACEAE
Zataria multiflora,LAMIACEAE
Zeuxine strateumatica,ORCHIDACEAE
Zingiber montanum,ZINGIBERACEAE
Zingiber officinale,ZINGIBERACEAE
Zingiber zerumbet,ZINGIBERACEAE
Ziziphus glabrata,RHAMNACEAE
Ziziphus jujuba,RHAMNACEAE
Ziziphus mauritiana,RHAMNACEAE
Ziziphus nummularia,RHAMNACEAE
Ziziphus oenoplia,RHAMNACEAE
Ziziphus rugosa,RHAMNACEAE
Zornia gibbosa,FABACEAE
Zygophyllum simplex,ZYGOPHYLLACEAE
